time_step,avg_energy
0,1.1417865415492294
1,1.1297254017050844
2,1.1059971080944322
3,1.0713229894730096
4,1.0267151662001537
5,0.973427763045681
