time_step,avg_energy
0,1.1417865415492294
1,1.131565246899
2,1.1114837935917978
3,1.0822159494525434
4,1.0447089126741962
5,1.0001287232501763
