{
  "experiment1": {
    "associativity": {
      "(learningãforgetting)ãtraversal": "True",
      "(compressionãmigration)ãlearning": "True",
      "(traversalãlearning)ãforgetting": "True"
    },
    "operation_count": 13,
    "note": "Íð§ÍÌÈÌËÌÌÑÒñ°Ò¢ÿ¥ÍÓƒÊð¡ð¡ÍÛÒÎÌÝÍð§Íÿ¥"
  },
  "experiment2": {
    "network_0": {
      "automorphisms_count": 1,
      "conserved_quantities": {
        "total_energy": 37.122248388776654,
        "structural_entropy": -1.000000082690371e-10,
        "fractal_dimension": 0.3601996836422884
      },
      "noether_theorem_holds": [
        true,
        {
          "total_energy": {
            "before": 37.122248388776654,
            "after": 37.00598922267531,
            "relative_change": 0.0031317921501891805,
            "conserved": true
          },
          "structural_entropy": {
            "before": -1.000000082690371e-10,
            "after": -1.000000082690371e-10,
            "relative_change": 0.0,
            "conserved": "True"
          },
          "fractal_dimension": {
            "before": 0.3601996836422884,
            "after": 0.35956025832033145,
            "relative_change": 0.0017751967894339988,
            "conserved": "True"
          }
        }
      ],
      "energy_before": 37.122248388776654,
      "energy_after": 37.00598922267531
    },
    "network_1": {
      "automorphisms_count": 1,
      "conserved_quantities": {
        "total_energy": 19.322593128347297,
        "structural_entropy": 0.5004024233381879,
        "fractal_dimension": 0.0
      },
      "noether_theorem_holds": [
        true,
        {
          "total_energy": {
            "before": 19.322593128347297,
            "after": 19.261003070230746,
            "relative_change": 0.003187463385863801,
            "conserved": true
          },
          "structural_entropy": {
            "before": 0.5004024233381879,
            "after": 0.5004024233381879,
            "relative_change": 0.0,
            "conserved": "True"
          },
          "fractal_dimension": {
            "before": 0.0,
            "after": 0.0,
            "relative_change": "Infinity",
            "conserved": true
          }
        }
      ],
      "energy_before": 19.322593128347297,
      "energy_after": 19.261003070230746
    },
    "network_2": {
      "automorphisms_count": 1,
      "conserved_quantities": {
        "total_energy": 26.272498728719196,
        "structural_entropy": 1.504788283181191,
        "fractal_dimension": 0.26270973103187345
      },
      "noether_theorem_holds": [
        true,
        {
          "total_energy": {
            "before": 26.272498728719196,
            "after": 26.15340495490895,
            "relative_change": 0.004533020442401272,
            "conserved": true
          },
          "structural_entropy": {
            "before": 1.504788283181191,
            "after": 1.504788283181191,
            "relative_change": 0.0,
            "conserved": "True"
          },
          "fractal_dimension": {
            "before": 0.26270973103187345,
            "after": 0.2626953300924284,
            "relative_change": 5.481692432359909e-05,
            "conserved": "True"
          }
        }
      ],
      "energy_before": 26.272498728719196,
      "energy_after": 26.15340495490895
    }
  },
  "experiment3": {
    "automorphism_group_size": 1,
    "orbit_size_actual": 1,
    "stabilizer_size": 1,
    "orbit_size_expected": 1.0,
    "theorem_holds": true,
    "error_percentage": 0.0
  },
  "experiment4": {
    "strategy_0": {
      "generator_coeffs": {
        "E": 0.7,
        "C": 0.2,
        "M": 0.1
      },
      "initial_energy": 1.1417865415492294,
      "final_energy": 0.7454516979734552,
      "energy_change_percent": 34.71181601405185,
      "energy_trajectory": [
        1.1417865415492294,
        1.10774003947322,
        1.0428633440211599,
        0.9528855705867357,
        0.84520738752569,
        0.7454516979734552
      ]
    },
    "strategy_1": {
      "generator_coeffs": {
        "E": 0.3,
        "C": 0.6,
        "M": 0.1
      },
      "initial_energy": 1.1417865415492294,
      "final_energy": 0.973427763045681,
      "energy_change_percent": 14.745206076357437,
      "energy_trajectory": [
        1.1417865415492294,
        1.1297254017050844,
        1.1059971080944322,
        1.0713229894730096,
        1.0267151662001537,
        0.973427763045681
      ]
    },
    "strategy_2": {
      "generator_coeffs": {
        "E": 0.2,
        "C": 0.2,
        "M": 0.6
      },
      "initial_energy": 1.1417865415492294,
      "final_energy": 1.0001287232501763,
      "energy_change_percent": 12.40668138431945,
      "energy_trajectory": [
        1.1417865415492294,
        1.131565246899,
        1.1114837935917978,
        1.0822159494525434,
        1.0447089126741962,
        1.0001287232501763
      ]
    }
  },
  "experiment5": {
    "5": {
      "nodes": 5,
      "edges": 10,
      "semigroup_operation_time": 0.0,
      "symmetry_detection_time": 0.0049974918365478516,
      "symmetry_detection_success": true,
      "automorphisms_count": 2
    },
    "8": {
      "nodes": 8,
      "edges": 28,
      "semigroup_operation_time": 0.0009968280792236328,
      "symmetry_detection_time": 0.0710000991821289,
      "symmetry_detection_success": true,
      "automorphisms_count": 1
    },
    "10": {
      "nodes": 10,
      "edges": 45,
      "semigroup_operation_time": 0.0,
      "symmetry_detection_time": 0.027001380920410156,
      "symmetry_detection_success": true,
      "automorphisms_count": 1
    },
    "12": {
      "nodes": 12,
      "edges": 66,
      "semigroup_operation_time": 0.0,
      "symmetry_detection_time": 0.05900263786315918,
      "symmetry_detection_success": true,
      "automorphisms_count": 1
    },
    "15": {
      "nodes": 15,
      "edges": 105,
      "semigroup_operation_time": 0.0,
      "symmetry_detection_time": 0.020992279052734375,
      "symmetry_detection_success": true,
      "automorphisms_count": 1
    }
  }
}