time_step,avg_energy
0,1.1340527114771968
1,1.118990083341582
2,1.0894908724816743
3,1.046747352983463
4,0.9924446222653631
5,0.9286598899086337
