time_step,avg_energy
0,1.1417865415492294
1,1.10774003947322
2,1.0428633440211599
3,0.9528855705867357
4,0.84520738752569
5,0.7454516979734552
