time_step,avg_energy
0,1.1340527114771968
1,1.1010123781981433
2,1.0381089202477418
3,0.9509969554470686
4,0.8469779169153789
5,0.7340025766841898
