time_step,avg_energy
0,1.1339687367928266
1,1.118035726865632
2,1.0868721510898842
3,1.041783651693921
4,0.9845890206030506
5,0.9174994695938958
