time_step,avg_energy
0,1.1339687367928266
1,1.100138930271454
2,1.035712178945796
3,0.9464399217635312
4,0.8397471133964142
5,0.7237174880345686
