time_step,avg_energy
0,1.1339687367928266
1,1.1180674863441178
2,1.086853298175296
3,1.0414626935667266
4,0.9835100147124141
5,0.9149881191458147
