time_step,avg_energy
0,1.1340527114771968
1,1.1167701663805678
2,1.083053390098607
3,1.0345066026870382
4,0.9733654181019026
5,0.9023286583993474
