{
  "experiment1": {
    "associativity": {
      "(learningãforgetting)ãtraversal": "True",
      "(compressionãmigration)ãlearning": "True",
      "(traversalãlearning)ãforgetting": "True"
    },
    "operation_count": 13,
    "note": "Íð§ÍÌÈÌËÌÌÑÒñ°Ò¢ÿ¥ÍÓƒÊð¡ð¡ÍÛÒÎÌÝÍð§Íÿ¥"
  },
  "experiment2": {
    "network_0": {
      "automorphisms_count": 0,
      "conserved_quantities": {
        "total_energy": 36.52651857352639,
        "structural_entropy": -1.000000082690371e-10,
        "fractal_dimension": 0.36412883260238155
      },
      "noether_theorem_holds": [
        true,
        {
          "total_energy": {
            "before": 36.52651857352639,
            "after": 36.44707642179028,
            "relative_change": 0.0021749171516632863,
            "conserved": true
          },
          "structural_entropy": {
            "before": -1.000000082690371e-10,
            "after": -1.000000082690371e-10,
            "relative_change": 0.0,
            "conserved": "True"
          },
          "fractal_dimension": {
            "before": 0.36412883260238155,
            "after": 0.36412900534690984,
            "relative_change": 4.744049710600328e-07,
            "conserved": "True"
          }
        }
      ],
      "energy_before": 36.52651857352639,
      "energy_after": 36.44707642179028
    },
    "network_1": {
      "automorphisms_count": 0,
      "conserved_quantities": {
        "total_energy": 19.49916478269467,
        "structural_entropy": 0.5004024233381879,
        "fractal_dimension": 0.0
      },
      "noether_theorem_holds": [
        true,
        {
          "total_energy": {
            "before": 19.49916478269467,
            "after": 19.411026041192585,
            "relative_change": 0.004520129066261733,
            "conserved": true
          },
          "structural_entropy": {
            "before": 0.5004024233381879,
            "after": 0.5004024233381879,
            "relative_change": 0.0,
            "conserved": "True"
          },
          "fractal_dimension": {
            "before": 0.0,
            "after": 0.0,
            "relative_change": Infinity,
            "conserved": true
          }
        }
      ],
      "energy_before": 19.49916478269467,
      "energy_after": 19.411026041192585
    },
    "network_2": {
      "automorphisms_count": 0,
      "conserved_quantities": {
        "total_energy": 14.194503861110219,
        "structural_entropy": 1.3138340327927471,
        "fractal_dimension": 0.045959710015281346
      },
      "noether_theorem_holds": [
        true,
        {
          "total_energy": {
            "before": 14.194503861110219,
            "after": 14.085203144880932,
            "relative_change": 0.007700213920737755,
            "conserved": true
          },
          "structural_entropy": {
            "before": 1.3138340327927471,
            "after": 1.3138340327927471,
            "relative_change": 0.0,
            "conserved": "True"
          },
          "fractal_dimension": {
            "before": 0.045959710015281346,
            "after": 0.04570946793065625,
            "relative_change": 0.005444814263229516,
            "conserved": "True"
          }
        }
      ],
      "energy_before": 14.194503861110219,
      "energy_after": 14.085203144880932
    }
  },
  "experiment3": {
    "automorphism_group_size": 0,
    "orbit_size_actual": 0,
    "stabilizer_size": 0,
    "orbit_size_expected": 0.0,
    "theorem_holds": "True",
    "error_percentage": 0
  },
  "experiment4": {
    "strategy_0": {
      "generator_coeffs": {
        "E": 0.7,
        "C": 0.2,
        "M": 0.1
      },
      "initial_energy": 1.1255708260777402,
      "final_energy": 0.7205892684831301,
      "energy_change_percent": 35.9801043356679,
      "energy_trajectory": [
        1.1255708260777402,
        1.091934814285462,
        1.0279604855986724,
        0.9395559171198907,
        0.8343440568234893,
        0.7205892684831301
      ]
    },
    "strategy_1": {
      "generator_coeffs": {
        "E": 0.3,
        "C": 0.6,
        "M": 0.1
      },
      "initial_energy": 1.1255708260777402,
      "final_energy": 0.9709862699199877,
      "energy_change_percent": 13.73388085194345,
      "energy_trajectory": [
        1.1255708260777402,
        1.114515845780332,
        1.0927520876244556,
        1.060927222965873,
        1.0199580691798575,
        0.9709862699199877
      ]
    },
    "strategy_2": {
      "generator_coeffs": {
        "E": 0.2,
        "C": 0.2,
        "M": 0.6
      },
      "initial_energy": 1.1255708260777402,
      "final_energy": 1.0089312341514605,
      "energy_change_percent": 10.36270567999101,
      "energy_trajectory": [
        1.1255708260777402,
        1.117434210206066,
        1.101330075223191,
        1.0775669044504923,
        1.0465825377469753,
        1.0089312341514605
      ]
    }
  },
  "experiment5": {
    "5": {
      "nodes": 5,
      "edges": 10,
      "semigroup_operation_time": 0.0,
      "symmetry_detection_time": 0.003998517990112305,
      "symmetry_detection_success": true,
      "automorphisms_count": 1
    },
    "8": {
      "nodes": 8,
      "edges": 28,
      "semigroup_operation_time": 0.0,
      "symmetry_detection_time": 0.05800127983093262,
      "symmetry_detection_success": true,
      "automorphisms_count": 1
    },
    "10": {
      "nodes": 10,
      "edges": 45,
      "semigroup_operation_time": 0.0,
      "symmetry_detection_time": 0.006999492645263672,
      "symmetry_detection_success": true,
      "automorphisms_count": 0
    },
    "12": {
      "nodes": 12,
      "edges": 66,
      "semigroup_operation_time": 0.0,
      "symmetry_detection_time": 0.006998777389526367,
      "symmetry_detection_success": true,
      "automorphisms_count": 0
    },
    "15": {
      "nodes": 15,
      "edges": 105,
      "semigroup_operation_time": 0.0,
      "symmetry_detection_time": 0.008003711700439453,
      "symmetry_detection_success": true,
      "automorphisms_count": 0
    }
  }
}