{
  "experiment1": {
    "associativity": {
      "(learningãforgetting)ãtraversal": "True",
      "(compressionãmigration)ãlearning": "True",
      "(traversalãlearning)ãforgetting": "True"
    },
    "operation_count": 13,
    "note": "Íð§ÍÌÈÌËÌÌÑÒñ°Ò¢ÿ¥ÍÓƒÊð¡ð¡ÍÛÒÎÌÝÍð§Íÿ¥"
  },
  "experiment2": {
    "network_0": {
      "automorphisms_count": 0,
      "conserved_quantities": {
        "total_energy": 35.0249386251634,
        "structural_entropy": -1.000000082690371e-10,
        "fractal_dimension": 0.4022157722980022
      },
      "noether_theorem_holds": [
        true,
        {
          "total_energy": {
            "before": 35.0249386251634,
            "after": 34.983739715673785,
            "relative_change": 0.0011762735669725527,
            "conserved": true
          },
          "structural_entropy": {
            "before": -1.000000082690371e-10,
            "after": -1.000000082690371e-10,
            "relative_change": 0.0,
            "conserved": "True"
          },
          "fractal_dimension": {
            "before": 0.4022157722980022,
            "after": 0.40340791456509495,
            "relative_change": 0.002963937143194584,
            "conserved": "True"
          }
        }
      ],
      "energy_before": 35.0249386251634,
      "energy_after": 34.983739715673785
    },
    "network_1": {
      "automorphisms_count": 0,
      "conserved_quantities": {
        "total_energy": 19.169893779143816,
        "structural_entropy": 0.5004024233381879,
        "fractal_dimension": 0.0
      },
      "noether_theorem_holds": [
        true,
        {
          "total_energy": {
            "before": 19.169893779143816,
            "after": 19.08036606385088,
            "relative_change": 0.0046702249018373615,
            "conserved": true
          },
          "structural_entropy": {
            "before": 0.5004024233381879,
            "after": 0.5004024233381879,
            "relative_change": 0.0,
            "conserved": "True"
          },
          "fractal_dimension": {
            "before": 0.0,
            "after": 0.0,
            "relative_change": Infinity,
            "conserved": true
          }
        }
      ],
      "energy_before": 19.169893779143816,
      "energy_after": 19.08036606385088
    },
    "network_2": {
      "automorphisms_count": 0,
      "conserved_quantities": {
        "total_energy": 20.109782372445846,
        "structural_entropy": 1.6094379119341005,
        "fractal_dimension": 0.17309695504434283
      },
      "noether_theorem_holds": [
        true,
        {
          "total_energy": {
            "before": 20.109782372445846,
            "after": 20.02473329049831,
            "relative_change": 0.004229239301170549,
            "conserved": true
          },
          "structural_entropy": {
            "before": 1.6094379119341005,
            "after": 1.6094379119341005,
            "relative_change": 0.0,
            "conserved": "True"
          },
          "fractal_dimension": {
            "before": 0.17309695504434283,
            "after": 0.17291527003444943,
            "relative_change": 0.001049614130109126,
            "conserved": "True"
          }
        }
      ],
      "energy_before": 20.109782372445846,
      "energy_after": 20.02473329049831
    }
  },
  "experiment3": {
    "automorphism_group_size": 0,
    "orbit_size_actual": 0,
    "stabilizer_size": 0,
    "orbit_size_expected": 0.0,
    "theorem_holds": "True",
    "error_percentage": 0
  },
  "experiment4": {
    "strategy_0": {
      "generator_coeffs": {
        "E": 0.7,
        "C": 0.2,
        "M": 0.1
      },
      "initial_energy": 1.14357615562942,
      "final_energy": 0.7287346461369084,
      "energy_change_percent": 36.27580965643555,
      "energy_trajectory": [
        1.14357615562942,
        1.1095266503681753,
        1.0446121044207077,
        0.9545028773987663,
        0.8465368458921804,
        0.7287346461369084
      ]
    },
    "strategy_1": {
      "generator_coeffs": {
        "E": 0.3,
        "C": 0.6,
        "M": 0.1
      },
      "initial_energy": 1.14357615562942,
      "final_energy": 0.9475478616647013,
      "energy_change_percent": 17.1416912638254,
      "energy_trajectory": [
        1.14357615562942,
        1.1293370820549637,
        1.1014075437725452,
        1.0608016719080373,
        1.008936523381974,
        0.9475478616647013
      ]
    },
    "strategy_2": {
      "generator_coeffs": {
        "E": 0.2,
        "C": 0.2,
        "M": 0.6
      },
      "initial_energy": 1.14357615562942,
      "final_energy": 0.9986220679844743,
      "energy_change_percent": 12.675508048273661,
      "energy_trajectory": [
        1.14357615562942,
        1.1334164269317302,
        1.1133265323874735,
        1.0837319926676536,
        1.0452404286982735,
        0.9986220679844743
      ]
    }
  },
  "experiment5": {
    "5": {
      "nodes": 5,
      "edges": 10,
      "semigroup_operation_time": 0.0,
      "symmetry_detection_time": 0.0059926509857177734,
      "symmetry_detection_success": true,
      "automorphisms_count": 2
    },
    "8": {
      "nodes": 8,
      "edges": 28,
      "semigroup_operation_time": 0.00099945068359375,
      "symmetry_detection_time": 0.06125783920288086,
      "symmetry_detection_success": true,
      "automorphisms_count": 1
    },
    "10": {
      "nodes": 10,
      "edges": 45,
      "semigroup_operation_time": 0.0,
      "symmetry_detection_time": 0.0059926509857177734,
      "symmetry_detection_success": true,
      "automorphisms_count": 0
    },
    "12": {
      "nodes": 12,
      "edges": 66,
      "semigroup_operation_time": 0.0,
      "symmetry_detection_time": 0.006989479064941406,
      "symmetry_detection_success": true,
      "automorphisms_count": 0
    },
    "15": {
      "nodes": 15,
      "edges": 105,
      "semigroup_operation_time": 0.0,
      "symmetry_detection_time": 0.010037899017333984,
      "symmetry_detection_success": true,
      "automorphisms_count": 0
    }
  }
}