{
  "slope": -1.3411630119181983,
  "intercept": 9.407957035923072,
  "r2": 0.6018567290782343,
  "p_value": 4.629016537010551e-17,
  "total_occurrences": 21469,
  "unique_nodes": 79,
  "top_nodes": {
    "牛顿定律": 1028,
    "相对论": 933,
    "运动学": 917,
    "动量": 887,
    "能量守恒": 886,
    "万有引力": 874,
    "力学": 870,
    "静电力": 768,
    "量子力学": 764,
    "摩擦力": 698
  }
}