{
  "slope": -1.3599720782966482,
  "intercept": 7.457485102070582,
  "r2": 0.6540941976240018,
  "p_value": 2.1349563800379334e-08,
  "total_events": 3376,
  "unique_centers": 32,
  "top_centers": {
    "算法": 329,
    "操作系统": 314,
    "相对论": 252,
    "能量守恒": 245,
    "量子力学": 239,
    "动量": 217,
    "牛顿定律": 214,
    "静电力": 168,
    "万有引力": 160,
    "摩擦力": 157
  }
}