{
  "51": {
    "count": 1416,
    "mean": 0.7928402972137131,
    "std": 0.0777663042867433,
    "min": 0.5310050235624161,
    "max": 1.0343437276132672,
    "q25": 0.7381275361854965,
    "q50": 0.7999715976250319,
    "q75": 0.8505995843281637
  },
  "71": {
    "count": 960,
    "mean": 0.7840232624888235,
    "std": 0.06640723211526443,
    "min": 0.6047057902425468,
    "max": 1.012218498389462,
    "q25": 0.7354830323106899,
    "q50": 0.7886726861861619,
    "q75": 0.8300613231479135
  },
  "91": {
    "count": 876,
    "mean": 0.8220318210487829,
    "std": 0.07500415205584611,
    "min": 0.6405362336764502,
    "max": 1.1252241803987246,
    "q25": 0.7696388145609538,
    "q50": 0.8187781237936725,
    "q75": 0.8743423310065921
  },
  "111": {
    "count": 120,
    "mean": 0.8197579730446486,
    "std": 0.04788657797617379,
    "min": 0.7078416786448816,
    "max": 0.9500739986668776,
    "q25": 0.7932723310267265,
    "q50": 0.8216214066097551,
    "q75": 0.8487377427016867
  }
}