{
  "51": {
    "count": 1416,
    "mean": 0.7928402972137131,
    "std": 0.07776630428674333,
    "min": 0.5310050235624161,
    "max": 1.0343437276132676,
    "q25": 0.738127536185496,
    "q50": 0.7999715976250321,
    "q75": 0.8505995843281638
  },
  "71": {
    "count": 960,
    "mean": 0.7840232624888236,
    "std": 0.06640723211526443,
    "min": 0.6047057902425469,
    "max": 1.0122184983894622,
    "q25": 0.73548303231069,
    "q50": 0.7886726861861617,
    "q75": 0.8300613231479137
  },
  "91": {
    "count": 876,
    "mean": 0.8220318210487829,
    "std": 0.07500415205584611,
    "min": 0.6405362336764502,
    "max": 1.1252241803987253,
    "q25": 0.7696388145609533,
    "q50": 0.8187781237936727,
    "q75": 0.8743423310065922
  },
  "111": {
    "count": 120,
    "mean": 0.8197579730446485,
    "std": 0.04788657797617376,
    "min": 0.7078416786448811,
    "max": 0.9500739986668776,
    "q25": 0.7932723310267267,
    "q50": 0.8216214066097554,
    "q75": 0.8487377427016863
  }
}