{
  "51": {
    "random": {
      "model": "random",
      "scale": 51.0,
      "elapsed_time": 7.354466199874878,
      "iterations": 10000.0,
      "improvement": -61.69818530473346,
      "num_nodes": 51.0,
      "num_edges": 0.0,
      "avg_energy": 2.233013398110137
    },
    "qlearning": {
      "model": "qlearning",
      "scale": 51.0,
      "elapsed_time": 8.395692348480225,
      "iterations": 10000.0,
      "improvement": 14.516926015602886,
      "num_nodes": 51.0,
      "num_edges": 0.0,
      "avg_energy": 0.8362918152676381,
      "q_table_sparsity": 0.8139177239523261,
      "q_table_non_zero": 1452.0
    },
    "traditional": {
      "model": "traditional",
      "scale": 51.0,
      "elapsed_time": 56.4348087310791,
      "iterations": 10000.0,
      "improvement": 22.788192918913733,
      "compression_centers": 11.0,
      "migration_bridges": 3.0
    },
    "emergence": {
      "model": "emergence",
      "scale": 51.0,
      "elapsed_time": 12.172775506973267,
      "iterations": 10000.0,
      "improvement": 86.85484859010764,
      "compression_centers": 471.0,
      "migration_bridges": 0.0,
      "compression_frequency": 0.0,
      "migration_frequency": 0.0
    }
  },
  "71": {
    "random": {
      "model": "random",
      "scale": 71.0,
      "elapsed_time": 7.7330098152160645,
      "iterations": 10000.0,
      "improvement": -31.550969174816178,
      "num_nodes": 71.0,
      "num_edges": 0.0,
      "avg_energy": 1.8323578133819558
    },
    "qlearning": {
      "model": "qlearning",
      "scale": 71.0,
      "elapsed_time": 4.540101051330566,
      "iterations": 10000.0,
      "improvement": 7.327317609762317,
      "num_nodes": 71.0,
      "num_edges": 0.0,
      "avg_energy": 0.9104932910778775,
      "q_table_sparsity": 0.8139258083713549,
      "q_table_non_zero": 2814.0
    },
    "traditional": {
      "model": "traditional",
      "scale": 71.0,
      "elapsed_time": 81.70060324668884,
      "iterations": 10000.0,
      "improvement": 15.534651395552338,
      "compression_centers": 6.0,
      "migration_bridges": 1.0
    },
    "emergence": {
      "model": "emergence",
      "scale": 71.0,
      "elapsed_time": 15.144598960876465,
      "iterations": 10000.0,
      "improvement": 72.29338902220671,
      "compression_centers": 332.0,
      "migration_bridges": 3.0,
      "compression_frequency": 0.0,
      "migration_frequency": 0.0
    }
  },
  "91": {
    "random": {
      "model": "random",
      "scale": 91.0,
      "elapsed_time": 11.287725687026978,
      "iterations": 10000.0,
      "improvement": -18.199752924924418,
      "num_nodes": 91.0,
      "num_edges": 0.0,
      "avg_energy": 1.650851766377915
    },
    "qlearning": {
      "model": "qlearning",
      "scale": 91.0,
      "elapsed_time": 6.501326084136963,
      "iterations": 10000.0,
      "improvement": 4.0026902551713945,
      "num_nodes": 91.0,
      "num_edges": 0.0,
      "avg_energy": 0.9521168282542695,
      "q_table_sparsity": 0.8065451032483999,
      "q_table_non_zero": 4806.0
    },
    "traditional": {
      "model": "traditional",
      "scale": 91.0,
      "elapsed_time": 126.24604272842407,
      "iterations": 10000.0,
      "improvement": 12.155991927388369,
      "compression_centers": 4.0,
      "migration_bridges": 4.0
    },
    "emergence": {
      "model": "emergence",
      "scale": 91.0,
      "elapsed_time": 22.06633496284485,
      "iterations": 10000.0,
      "improvement": 61.445510157160186,
      "compression_centers": 301.0,
      "migration_bridges": 3.0,
      "compression_frequency": 0.0,
      "migration_frequency": 0.0
    }
  },
  "111": {
    "random": {
      "model": "random",
      "scale": 111.0,
      "elapsed_time": 15.939980506896973,
      "iterations": 10000.0,
      "improvement": -12.854385219577932,
      "num_nodes": 111.0,
      "num_edges": 0.0,
      "avg_energy": 1.5785157968019388
    },
    "qlearning": {
      "model": "qlearning",
      "scale": 111.0,
      "elapsed_time": 6.3167266845703125,
      "iterations": 10000.0,
      "improvement": 2.8933908053880373,
      "num_nodes": 111.0,
      "num_edges": 0.0,
      "avg_energy": 0.9678553542789179,
      "q_table_sparsity": 0.8013148283418554,
      "q_table_non_zero": 7344.0
    },
    "traditional": {
      "model": "traditional",
      "scale": 111.0,
      "elapsed_time": 269.76582503318787,
      "iterations": 10000.0,
      "improvement": 7.5621566136868505,
      "compression_centers": 5.0,
      "migration_bridges": 5.0
    },
    "emergence": {
      "model": "emergence",
      "scale": 111.0,
      "elapsed_time": 34.19214129447937,
      "iterations": 10000.0,
      "improvement": 47.91721216104601,
      "compression_centers": 43.0,
      "migration_bridges": 1.0,
      "compression_frequency": 0.0,
      "migration_frequency": 0.0
    }
  }
}